N,Insert,Find
1000.000000,0.000255,0.000089
2000.000000,0.000538,0.000193
3000.000000,0.000874,0.000304
4000.000000,0.001191,0.000429
5000.000000,0.001511,0.000566
6000.000000,0.001862,0.000710
7000.000000,0.002223,0.000854
8000.000000,0.002588,0.001004
9000.000000,0.002966,0.001161
10000.000000,0.003334,0.001318
11000.000000,0.003707,0.001479
12000.000000,0.004097,0.001641
13000.000000,0.004540,0.001801
14000.000000,0.004905,0.001963
15000.000000,0.005470,0.002609
16000.000000,0.005695,0.002314
17000.000000,0.006040,0.002479
18000.000000,0.006487,0.002656
19000.000000,0.006847,0.002840
20000.000000,0.007257,0.003012
21000.000000,0.007679,0.003196
22000.000000,0.008117,0.003364
23000.000000,0.008501,0.003563
24000.000000,0.008944,0.003747
25000.000000,0.009443,0.003943
26000.000000,0.009780,0.004121
27000.000000,0.010240,0.004311
28000.000000,0.010693,0.004490
29000.000000,0.011114,0.004664
30000.000000,0.011541,0.004870
31000.000000,0.011999,0.005072
32000.000000,0.012396,0.005264
33000.000000,0.012869,0.005457
34000.000000,0.013568,0.005762
35000.000000,0.013755,0.005864
36000.000000,0.014279,0.006059
37000.000000,0.014660,0.006280
38000.000000,0.015223,0.006408
39000.000000,0.015747,0.006614
40000.000000,0.016387,0.006849
41000.000000,0.016898,0.007093
42000.000000,0.017363,0.007396
43000.000000,0.017841,0.007557
44000.000000,0.018242,0.007773
45000.000000,0.019786,0.008111
46000.000000,0.019212,0.008128
47000.000000,0.019550,0.008370
48000.000000,0.019887,0.008530
49000.000000,0.020565,0.008855
50000.000000,0.021173,0.008962
51000.000000,0.021505,0.009201
52000.000000,0.021768,0.009420
53000.000000,0.022411,0.009654
54000.000000,0.022820,0.009830
55000.000000,0.023361,0.010110
56000.000000,0.023765,0.010286
57000.000000,0.024184,0.010493
58000.000000,0.024955,0.010709
59000.000000,0.025181,0.010834
60000.000000,0.025636,0.011104
61000.000000,0.028514,0.011353
62000.000000,0.026480,0.011476
63000.000000,0.027016,0.011943
64000.000000,0.028004,0.012752
65000.000000,0.028372,0.012231
66000.000000,0.028639,0.012460
67000.000000,0.029393,0.012702
68000.000000,0.029622,0.013078
69000.000000,0.030348,0.013132
70000.000000,0.030818,0.013600
71000.000000,0.032287,0.013826
72000.000000,0.031799,0.013829
73000.000000,0.032487,0.014059
74000.000000,0.032455,0.014159
75000.000000,0.033412,0.014408
76000.000000,0.035939,0.014397
77000.000000,0.033413,0.014725
78000.000000,0.033817,0.015753
79000.000000,0.034560,0.015314
80000.000000,0.035198,0.015458
81000.000000,0.035586,0.015737
82000.000000,0.036587,0.016717
83000.000000,0.036730,0.016198
84000.000000,0.037041,0.016814
85000.000000,0.037571,0.016667
86000.000000,0.038166,0.017006
87000.000000,0.039873,0.017137
88000.000000,0.039301,0.017367
89000.000000,0.041516,0.017469
90000.000000,0.039968,0.017977
91000.000000,0.041303,0.017834
92000.000000,0.041030,0.018301
93000.000000,0.042816,0.018226
94000.000000,0.041908,0.018685
95000.000000,0.042908,0.019043
96000.000000,0.043051,0.019368
97000.000000,0.044002,0.019117
98000.000000,0.044278,0.019753
99000.000000,0.045327,0.020097
100000.000000,0.044919,0.020246
101000.000000,0.045799,0.020243
102000.000000,0.045817,0.020636
103000.000000,0.046629,0.020805
104000.000000,0.047051,0.021799
105000.000000,0.048127,0.021763
106000.000000,0.048014,0.021889
107000.000000,0.048885,0.022148
108000.000000,0.049366,0.023677
109000.000000,0.049265,0.022500
110000.000000,0.050039,0.023456
111000.000000,0.050438,0.022562
112000.000000,0.051221,0.024395
113000.000000,0.051444,0.023162
114000.000000,0.052451,0.024831
115000.000000,0.052616,0.023929
116000.000000,0.053280,0.025131
117000.000000,0.053962,0.024461
118000.000000,0.054653,0.025838
119000.000000,0.054800,0.024676
120000.000000,0.055732,0.025088
121000.000000,0.055586,0.025213
122000.000000,0.056954,0.025979
123000.000000,0.056918,0.026311
124000.000000,0.057323,0.026575
125000.000000,0.057976,0.026532
126000.000000,0.059349,0.027191
127000.000000,0.058741,0.026943
128000.000000,0.059546,0.029859
129000.000000,0.060865,0.027300
130000.000000,0.060959,0.027537
131000.000000,0.061951,0.027757
132000.000000,0.062708,0.027823
133000.000000,0.063174,0.028212
134000.000000,0.063398,0.028466
135000.000000,0.063813,0.028697
136000.000000,0.064659,0.029408
137000.000000,0.065664,0.029576
138000.000000,0.065500,0.029531
139000.000000,0.065975,0.029455
140000.000000,0.066468,0.030233
141000.000000,0.067452,0.030452
142000.000000,0.077959,0.032990
143000.000000,0.068117,0.031245
144000.000000,0.069911,0.030760
145000.000000,0.068979,0.031310
146000.000000,0.069958,0.031523
147000.000000,0.070264,0.031729
148000.000000,0.070244,0.032393
149000.000000,0.070932,0.032698
150000.000000,0.072437,0.033530
151000.000000,0.072340,0.033693
152000.000000,0.072666,0.034079
153000.000000,0.073473,0.034026
154000.000000,0.073830,0.034486
155000.000000,0.074615,0.033758
156000.000000,0.074734,0.034784
157000.000000,0.075756,0.035094
158000.000000,0.075894,0.034775
159000.000000,0.077257,0.035756
160000.000000,0.077621,0.034798
161000.000000,0.076932,0.035093
162000.000000,0.078240,0.036289
163000.000000,0.078757,0.036936
164000.000000,0.079335,0.036054
165000.000000,0.079409,0.035616
166000.000000,0.081567,0.036628
167000.000000,0.080528,0.036803
168000.000000,0.081232,0.037163
169000.000000,0.081779,0.037208
170000.000000,0.082061,0.037459
171000.000000,0.082117,0.037694
172000.000000,0.083177,0.037703
173000.000000,0.083378,0.038118
174000.000000,0.084516,0.038173
175000.000000,0.085251,0.038937
176000.000000,0.086021,0.038940
177000.000000,0.085564,0.038942
178000.000000,0.086685,0.039521
179000.000000,0.086712,0.039201
180000.000000,0.087650,0.039692
181000.000000,0.088010,0.040971
182000.000000,0.088213,0.040189
183000.000000,0.089074,0.040684
184000.000000,0.089696,0.041259
185000.000000,0.090238,0.041561
186000.000000,0.091205,0.041440
187000.000000,0.090970,0.042699
188000.000000,0.092242,0.042243
189000.000000,0.092893,0.042934
190000.000000,0.093631,0.042745
191000.000000,0.092768,0.043230
192000.000000,0.094579,0.042695
193000.000000,0.095668,0.044033
194000.000000,0.096167,0.044340
195000.000000,0.095930,0.045440
196000.000000,0.096703,0.044251
197000.000000,0.097301,0.045628
198000.000000,0.097522,0.044396
199000.000000,0.098602,0.045565
200000.000000,0.099172,0.047124
201000.000000,0.099287,0.045890
202000.000000,0.099331,0.046528
203000.000000,0.101155,0.048384
204000.000000,0.103267,0.047864
205000.000000,0.101448,0.048886
206000.000000,0.102558,0.047886
207000.000000,0.102487,0.047757
208000.000000,0.103070,0.050659
209000.000000,0.104497,0.048236
210000.000000,0.103441,0.048719
211000.000000,0.104618,0.050462
212000.000000,0.105865,0.051452
213000.000000,0.105824,0.052363
214000.000000,0.106627,0.050274
215000.000000,0.107192,0.052424
216000.000000,0.107727,0.051793
217000.000000,0.107128,0.052287
218000.000000,0.107636,0.050814
219000.000000,0.109291,0.051575
220000.000000,0.109419,0.052721
221000.000000,0.110675,0.052800
222000.000000,0.110588,0.053753
223000.000000,0.110300,0.054427
224000.000000,0.112847,0.053085
225000.000000,0.112057,0.053592
226000.000000,0.112811,0.054289
227000.000000,0.112673,0.055088
228000.000000,0.113789,0.055915
229000.000000,0.115192,0.055643
230000.000000,0.115709,0.055952
231000.000000,0.116520,0.056283
232000.000000,0.116217,0.055476
233000.000000,0.116288,0.054486
234000.000000,0.117740,0.055152
235000.000000,0.118080,0.056962
236000.000000,0.118413,0.078126
237000.000000,0.118537,0.055566
238000.000000,0.119860,0.057504
239000.000000,0.120475,0.056807
240000.000000,0.120164,0.059458
241000.000000,0.122113,0.057604
242000.000000,0.122002,0.058204
243000.000000,0.121944,0.058514
244000.000000,0.121978,0.058358
245000.000000,0.125370,0.057473
246000.000000,0.124856,0.062691
247000.000000,0.125647,0.057844
248000.000000,0.124557,0.058309
249000.000000,0.125767,0.059867
250000.000000,0.126340,0.059482
251000.000000,0.129110,0.060270
252000.000000,0.128527,0.060228
253000.000000,0.129105,0.061286
254000.000000,0.129861,0.061742
255000.000000,0.131838,0.060348
256000.000000,0.130543,0.060329
257000.000000,0.130825,0.061203
258000.000000,0.131281,0.061240
259000.000000,0.131299,0.062593
260000.000000,0.133499,0.062399
261000.000000,0.134434,0.062759
262000.000000,0.133696,0.063152
263000.000000,0.134395,0.062972
264000.000000,0.137527,0.064440
265000.000000,0.138788,0.064327
266000.000000,0.137326,0.064606
267000.000000,0.139799,0.063952
268000.000000,0.136964,0.064559
269000.000000,0.138292,0.065562
270000.000000,0.138793,0.066214
271000.000000,0.143355,0.065182
272000.000000,0.142424,0.065594
273000.000000,0.142045,0.066282
274000.000000,0.144848,0.066355
275000.000000,0.145171,0.066532
276000.000000,0.146857,0.066146
277000.000000,0.144104,0.068005
278000.000000,0.145147,0.067423
279000.000000,0.145413,0.066899
280000.000000,0.151170,0.067606
281000.000000,0.149025,0.067745
282000.000000,0.150544,0.068225
283000.000000,0.145914,0.069190
284000.000000,0.147335,0.069568
285000.000000,0.148473,0.068790
286000.000000,0.156084,0.069664
287000.000000,0.206599,0.095048
288000.000000,0.159502,0.068670
289000.000000,0.156599,0.070559
290000.000000,0.158318,0.070165
291000.000000,0.157294,0.071239
292000.000000,0.158576,0.070448
293000.000000,0.156802,0.069960
294000.000000,0.157553,0.071773
295000.000000,0.158256,0.070838
296000.000000,0.155842,0.071175
297000.000000,0.157695,0.070863
298000.000000,0.160726,0.072962
299000.000000,0.163572,0.072979
300000.000000,0.162489,0.072904
301000.000000,0.165731,0.072396
302000.000000,0.165504,0.074511
303000.000000,0.165740,0.074387
304000.000000,0.161162,0.073778
305000.000000,0.165099,0.073849
306000.000000,0.163995,0.074411
307000.000000,0.168520,0.076790
308000.000000,0.166161,0.074687
309000.000000,0.168276,0.075582
310000.000000,0.165349,0.075942
311000.000000,0.169282,0.075828
312000.000000,0.165542,0.075126
313000.000000,0.167315,0.076634
314000.000000,0.170167,0.076621
315000.000000,0.168975,0.077724
316000.000000,0.171164,0.077761
317000.000000,0.171407,0.078747
318000.000000,0.172516,0.078376
319000.000000,0.175409,0.078936
320000.000000,0.172907,0.078740
321000.000000,0.175289,0.079372
322000.000000,0.173938,0.079015
323000.000000,0.176474,0.079003
324000.000000,0.175221,0.078754
325000.000000,0.177095,0.081112
326000.000000,0.178514,0.080963
327000.000000,0.181053,0.081056
328000.000000,0.197391,0.080867
329000.000000,0.178240,0.080928
330000.000000,0.179526,0.081318
331000.000000,0.176942,0.080596
332000.000000,0.185284,0.084116
333000.000000,0.182625,0.081258
334000.000000,0.181387,0.083042
335000.000000,0.183791,0.082616
336000.000000,0.184382,0.083480
337000.000000,0.185488,0.083482
338000.000000,0.183103,0.084100
339000.000000,0.186272,0.084726
340000.000000,0.187634,0.086456
341000.000000,0.186862,0.084101
342000.000000,0.181609,0.085954
343000.000000,0.187596,0.085440
344000.000000,0.187727,0.085277
345000.000000,0.188915,0.090028
346000.000000,0.185758,0.086431
347000.000000,0.191662,0.087826
348000.000000,0.190271,0.086929
349000.000000,0.197729,0.089043
350000.000000,0.189702,0.087363
351000.000000,0.194960,0.088116
352000.000000,0.193177,0.087126
353000.000000,0.192034,0.088775
354000.000000,0.194754,0.090398
355000.000000,0.192446,0.089954
356000.000000,0.196375,0.090467
357000.000000,0.195166,0.087917
358000.000000,0.195371,0.088878
359000.000000,0.195848,0.089373
360000.000000,0.198656,0.092261
361000.000000,0.197589,0.090534
362000.000000,0.198445,0.090511
363000.000000,0.197615,0.092527
364000.000000,0.201803,0.093852
365000.000000,0.197571,0.091910
366000.000000,0.200597,0.094261
367000.000000,0.198928,0.092262
368000.000000,0.202231,0.093601
369000.000000,0.199683,0.092975
370000.000000,0.204017,0.092732
371000.000000,0.201075,0.093385
372000.000000,0.204748,0.094695
373000.000000,0.203922,0.094553
374000.000000,0.205397,0.095456
375000.000000,0.202329,0.131663
376000.000000,0.206125,0.096983
377000.000000,0.203647,0.096429
378000.000000,0.208133,0.095468
379000.000000,0.206922,0.095027
380000.000000,0.209136,0.097600
381000.000000,0.210290,0.097121
382000.000000,0.206761,0.097060
383000.000000,0.211205,0.096398
384000.000000,0.212340,0.099251
385000.000000,0.210091,0.098421
386000.000000,0.212994,0.099432
387000.000000,0.212634,0.097925
388000.000000,0.213656,0.096878
389000.000000,0.211626,0.098388
390000.000000,0.213253,0.100384
391000.000000,0.216615,0.101526
392000.000000,0.215151,0.100582
393000.000000,0.214748,0.101404
394000.000000,0.217230,0.103511
395000.000000,0.213579,0.100025
396000.000000,0.216991,0.100222
397000.000000,0.226539,0.108218
398000.000000,0.279921,0.108732
399000.000000,0.227151,0.107434
400000.000000,0.229688,0.108048
401000.000000,0.239499,0.108118
402000.000000,0.222993,0.104700
403000.000000,0.223491,0.105526
404000.000000,0.223398,0.103194
405000.000000,0.225078,0.108372
406000.000000,0.228504,0.107995
407000.000000,0.224717,0.106687
408000.000000,0.228265,0.106183
409000.000000,0.226464,0.107727
410000.000000,0.229274,0.107225
411000.000000,0.227220,0.108587
412000.000000,0.233309,0.106668
413000.000000,0.231586,0.110231
414000.000000,0.242550,0.111881
415000.000000,0.237747,0.112040
416000.000000,0.231693,0.109000
417000.000000,0.256994,0.109244
418000.000000,0.231258,0.109699
419000.000000,0.234957,0.110049
420000.000000,0.230074,0.114143
421000.000000,0.238375,0.113428
422000.000000,0.238760,0.114976
423000.000000,0.240082,0.110386
424000.000000,0.235366,0.114532
425000.000000,0.236225,0.113156
426000.000000,0.238833,0.114980
427000.000000,0.241705,0.112042
428000.000000,0.239988,0.114774
429000.000000,0.247046,0.114301
430000.000000,0.299274,0.114382
431000.000000,0.239922,0.114995
432000.000000,0.240000,0.117091
433000.000000,0.241588,0.119010
434000.000000,0.248280,0.118736
435000.000000,0.244279,0.116397
436000.000000,0.244315,0.113172
437000.000000,0.238009,0.116533
438000.000000,0.247421,0.119155
439000.000000,0.243161,0.121274
440000.000000,0.249496,0.120594
441000.000000,0.247456,0.115490
442000.000000,0.249256,0.122875
443000.000000,0.250804,0.121523
444000.000000,0.249522,0.122414
445000.000000,0.257931,0.120901
446000.000000,0.249840,0.121109
447000.000000,0.254285,0.125643
448000.000000,0.249562,0.119740
449000.000000,0.256721,0.125544
450000.000000,0.258281,0.126148
451000.000000,0.253420,0.127455
452000.000000,0.256947,0.127364
453000.000000,0.255731,0.127902
454000.000000,0.260189,0.136962
455000.000000,0.262333,0.126985
456000.000000,0.264043,0.130610
457000.000000,0.258076,0.129447
458000.000000,0.262478,0.129685
459000.000000,0.259588,0.129811
460000.000000,0.261759,0.134183
461000.000000,0.255601,0.131640
462000.000000,0.258512,0.123103
463000.000000,0.260182,0.132561
464000.000000,0.258427,0.129829
465000.000000,0.268899,0.134854
466000.000000,0.263409,0.134399
467000.000000,0.260520,0.134149
468000.000000,0.265031,0.133460
469000.000000,0.265685,0.134070
470000.000000,0.268655,0.135390
471000.000000,0.266064,0.134130
472000.000000,0.269465,0.132504
473000.000000,0.277078,0.136390
474000.000000,0.273697,0.134780
475000.000000,0.271406,0.139745
476000.000000,0.265077,0.136459
477000.000000,0.272290,0.140095
478000.000000,0.276356,0.138901
479000.000000,0.275252,0.139268
480000.000000,0.272100,0.136691
481000.000000,0.278252,0.143200
482000.000000,0.274300,0.138498
483000.000000,0.279495,0.139611
484000.000000,0.286485,0.135216
485000.000000,0.296063,0.142838
486000.000000,0.282844,0.139647
487000.000000,0.282686,0.143613
488000.000000,0.280186,0.144043
489000.000000,0.283228,0.145165
490000.000000,0.292256,0.141799
491000.000000,0.283881,0.140633
492000.000000,0.286955,0.142637
493000.000000,0.287382,0.144308
494000.000000,0.286354,0.143708
495000.000000,0.288169,0.148958
496000.000000,0.286432,0.145912
497000.000000,0.289772,0.145259
498000.000000,0.291701,0.151164
499000.000000,0.290340,0.148355
500000.000000,0.330379,0.142407
501000.000000,0.293015,0.146068
502000.000000,0.296880,0.146196
503000.000000,0.292747,0.144117
504000.000000,0.287739,0.134525
505000.000000,0.292598,0.152057
506000.000000,0.293395,0.147430
507000.000000,0.295956,0.146173
508000.000000,0.302047,0.150505
509000.000000,0.298233,0.148731
510000.000000,0.300894,0.149765
511000.000000,0.291975,0.147327
512000.000000,0.295155,0.149262
513000.000000,0.302390,0.139890
514000.000000,0.293737,0.152785
515000.000000,0.303296,0.154887
516000.000000,0.311851,0.158423
517000.000000,0.300048,0.157534
518000.000000,0.305342,0.155014
519000.000000,0.313378,0.156098
520000.000000,0.313069,0.154004
521000.000000,0.309183,0.155834
522000.000000,0.314325,0.158553
523000.000000,0.315370,0.156920
524000.000000,0.301173,0.157969
525000.000000,0.317760,0.164189
526000.000000,0.320897,0.160670
527000.000000,0.314950,0.160632
528000.000000,0.319538,0.162772
529000.000000,0.318640,0.229139
530000.000000,0.325291,0.159864
531000.000000,0.312259,0.167663
532000.000000,0.322350,0.161763
533000.000000,0.325150,0.162796
534000.000000,0.320335,0.163541
535000.000000,0.321610,0.163580
536000.000000,0.322914,0.164069
537000.000000,0.315163,0.163936
538000.000000,0.319137,0.166310
539000.000000,0.321022,0.166393
540000.000000,0.327753,0.166272
541000.000000,0.325404,0.166006
542000.000000,0.324692,0.168016
543000.000000,0.329145,0.169873
544000.000000,0.324872,0.165192
545000.000000,0.331318,0.167713
546000.000000,0.327753,0.171133
547000.000000,0.335721,0.169597
548000.000000,0.333252,0.167898
549000.000000,0.333162,0.173197
550000.000000,0.335151,0.171430
551000.000000,0.333743,0.172631
552000.000000,0.341257,0.172050
553000.000000,0.333563,0.174941
554000.000000,0.336544,0.173479
555000.000000,0.337237,0.171727
556000.000000,0.347043,0.173428
557000.000000,0.338932,0.174653
558000.000000,0.341435,0.172385
559000.000000,0.346424,0.174012
560000.000000,0.352150,0.174512
561000.000000,0.353969,0.172379
562000.000000,0.332454,0.168924
563000.000000,0.366912,0.191182
564000.000000,0.342898,0.171567
565000.000000,0.344104,0.164851
566000.000000,0.343958,0.171253
567000.000000,0.357930,0.179953
568000.000000,0.356276,0.176863
569000.000000,0.347409,0.174513
570000.000000,0.341248,0.174966
571000.000000,0.356082,0.174980
572000.000000,0.353142,0.181905
573000.000000,0.351538,0.176839
574000.000000,0.348673,0.183445
575000.000000,0.363025,0.183341
576000.000000,0.360880,0.174141
577000.000000,0.355772,0.182677
578000.000000,0.366916,0.181750
579000.000000,0.364719,0.181404
580000.000000,0.356904,0.184753
581000.000000,0.365420,0.182319
582000.000000,0.356756,0.182037
583000.000000,0.360479,0.191150
584000.000000,0.364938,0.203740
585000.000000,0.415814,0.184073
586000.000000,0.371733,0.184251
587000.000000,0.357717,0.181595
588000.000000,0.378510,0.191292
589000.000000,0.371506,0.187703
590000.000000,0.375736,0.188879
591000.000000,0.374267,0.172353
592000.000000,0.358446,0.190705
593000.000000,0.386208,0.190061
594000.000000,0.389370,0.187355
595000.000000,0.384005,0.190410
596000.000000,0.397628,0.190534
597000.000000,0.376799,0.194657
598000.000000,0.377537,0.190898
599000.000000,0.390599,0.191748
600000.000000,0.399728,0.192049
601000.000000,0.395113,0.192318
602000.000000,0.394277,0.193916
603000.000000,0.385161,0.192867
604000.000000,0.390666,0.197679
605000.000000,0.386104,0.198349
606000.000000,0.394718,0.189373
607000.000000,0.394383,0.197232
608000.000000,0.371199,0.193824
609000.000000,0.393243,0.199886
610000.000000,0.389301,0.199504
611000.000000,0.401906,0.216042
612000.000000,0.403091,0.197115
613000.000000,0.403022,0.199123
614000.000000,0.401116,0.208538
615000.000000,0.414437,0.202783
616000.000000,0.398509,0.200208
617000.000000,0.381030,0.194179
618000.000000,0.373861,0.194540
619000.000000,0.410823,0.202242
620000.000000,0.394626,0.200072
621000.000000,0.397934,0.204050
622000.000000,0.390299,0.193926
623000.000000,0.400685,0.207883
624000.000000,0.400053,0.203922
625000.000000,0.394131,0.186957
626000.000000,0.408024,0.207252
627000.000000,0.412821,0.204637
628000.000000,0.386469,0.217701
629000.000000,0.430284,0.210932
630000.000000,0.416372,0.208951
631000.000000,0.419670,0.214083
632000.000000,0.415607,0.218215
633000.000000,0.419881,0.215164
634000.000000,0.426695,0.208335
635000.000000,0.420061,0.210346
636000.000000,0.421294,0.216293
637000.000000,0.425138,0.260179
638000.000000,0.537391,0.237501
639000.000000,0.439745,0.215729
640000.000000,0.443885,0.220129
641000.000000,0.438862,0.213856
642000.000000,0.440125,0.217156
643000.000000,0.430407,0.215700
644000.000000,0.445682,0.231316
645000.000000,0.435826,0.216547
646000.000000,0.413986,0.223619
647000.000000,0.436377,0.217090
648000.000000,0.434581,0.219664
649000.000000,0.439381,0.225303
650000.000000,0.422683,0.231639
651000.000000,0.443414,0.219420
652000.000000,0.426768,0.220579
653000.000000,0.439204,0.229461
654000.000000,0.442991,0.220814
655000.000000,0.403624,0.216579
656000.000000,0.440940,0.229409
657000.000000,0.445166,0.227148
658000.000000,0.449268,0.228309
659000.000000,0.437765,0.224458
660000.000000,0.445488,0.223690
661000.000000,0.434216,0.235114
662000.000000,0.440320,0.221813
663000.000000,0.413964,0.220643
664000.000000,0.412522,0.223611
665000.000000,0.436798,0.217821
666000.000000,0.439774,0.225518
667000.000000,0.446257,0.225018
668000.000000,0.443290,0.221171
669000.000000,0.471091,0.203676
670000.000000,0.444739,0.216952
671000.000000,0.444123,0.230611
672000.000000,0.470563,0.218287
673000.000000,0.424078,0.218349
674000.000000,0.452776,0.230758
675000.000000,0.462150,0.229283
676000.000000,0.466528,0.235178
677000.000000,0.472678,0.233266
678000.000000,0.485076,0.235738
679000.000000,0.469196,0.238161
680000.000000,0.454585,0.235563
681000.000000,0.463009,0.250161
682000.000000,0.479702,0.234221
683000.000000,0.477456,0.229555
684000.000000,0.485895,0.238374
685000.000000,0.457046,0.224985
686000.000000,0.473761,0.250480
687000.000000,0.472001,0.239556
688000.000000,0.472024,0.239794
689000.000000,0.466267,0.237360
690000.000000,0.446486,0.232698
691000.000000,0.482145,0.241763
692000.000000,0.489303,0.239414
693000.000000,0.477739,0.246630
694000.000000,0.488800,0.284290
695000.000000,0.504997,0.237209
696000.000000,0.484631,0.243584
697000.000000,0.465309,0.241437
698000.000000,0.472419,0.226544
699000.000000,0.483980,0.257573
700000.000000,0.486744,0.242018
701000.000000,0.494751,0.248704
702000.000000,0.484148,0.247726
703000.000000,0.493422,0.252116
704000.000000,0.480670,0.243278
705000.000000,0.480841,0.245161
706000.000000,0.477176,0.238537
707000.000000,0.478023,0.240257
708000.000000,0.482945,0.251372
709000.000000,0.455197,0.242569
710000.000000,0.490222,0.247989
711000.000000,0.495655,0.250124
712000.000000,0.497156,0.231327
713000.000000,0.481961,0.252528
714000.000000,0.494068,0.261367
715000.000000,0.491175,0.254651
716000.000000,0.501538,0.255700
717000.000000,0.498933,0.250949
718000.000000,0.494680,0.257755
719000.000000,0.508966,0.254955
720000.000000,0.514131,0.257791
721000.000000,0.510750,0.257339
722000.000000,0.512580,0.325980
723000.000000,0.538660,0.261248
724000.000000,0.509320,0.255750
725000.000000,0.533382,0.269670
726000.000000,0.533249,0.244960
727000.000000,0.508827,0.261283
728000.000000,0.512065,0.259239
729000.000000,0.516275,0.257883
730000.000000,0.464302,0.259211
731000.000000,0.522240,0.260501
732000.000000,0.534259,0.239654
733000.000000,0.527783,0.260621
734000.000000,0.532808,0.265056
735000.000000,0.530153,0.270050
736000.000000,0.518530,0.270004
737000.000000,0.527753,0.271914
738000.000000,0.518211,0.279028
739000.000000,0.522539,0.264170
740000.000000,0.514546,0.264823
741000.000000,0.528236,0.265843
742000.000000,0.531468,0.268428
743000.000000,0.521144,0.260688
744000.000000,0.531355,0.244852
745000.000000,0.528855,0.239947
746000.000000,0.516059,0.261542
747000.000000,0.544701,0.264076
748000.000000,0.533989,0.272329
749000.000000,0.536036,0.266278
750000.000000,0.582981,0.265255
751000.000000,0.530744,0.275745
752000.000000,0.548600,0.272666
753000.000000,0.555163,0.273210
754000.000000,0.509239,0.247634
755000.000000,0.553953,0.279547
756000.000000,0.543947,0.282872
757000.000000,0.539037,0.278828
758000.000000,0.587376,0.273217
759000.000000,0.550334,0.278203
760000.000000,0.538176,0.278797
761000.000000,0.482205,0.247768
762000.000000,0.542582,0.283196
763000.000000,0.505553,0.262891
764000.000000,0.577058,0.277493
765000.000000,0.565828,0.267296
766000.000000,0.577609,0.283749
767000.000000,0.558796,0.265375
768000.000000,0.557525,0.289368
769000.000000,0.580797,0.292028
770000.000000,0.552811,0.282424
771000.000000,0.538454,0.282141
772000.000000,0.582839,0.291424
773000.000000,0.579672,0.292801
774000.000000,0.580950,0.267688
775000.000000,0.561375,0.292558
776000.000000,0.566968,0.294290
777000.000000,0.567697,0.295322
778000.000000,0.571864,0.276665
779000.000000,0.579703,0.288316
780000.000000,0.554222,0.293196
781000.000000,0.557417,0.260723
782000.000000,0.565920,0.287416
783000.000000,0.567135,0.288476
784000.000000,0.562010,0.283405
785000.000000,0.560834,0.282655
786000.000000,0.618660,0.265991
787000.000000,0.575683,0.290950
788000.000000,0.577844,0.276689
789000.000000,0.590427,0.297380
790000.000000,0.589543,0.297259
791000.000000,0.580206,0.294440
792000.000000,0.558147,0.293124
793000.000000,0.585317,0.295008
794000.000000,0.570799,0.292463
795000.000000,0.610283,0.296985
796000.000000,0.610408,0.331012
797000.000000,0.540965,0.283205
798000.000000,0.529561,0.295650
799000.000000,0.599501,0.301438
800000.000000,0.605725,0.302590
801000.000000,0.607744,0.303964
802000.000000,0.582450,0.291298
803000.000000,0.605485,0.306029
804000.000000,0.598312,0.275203
805000.000000,0.580709,0.296646
806000.000000,0.593090,0.301610
807000.000000,0.592879,0.292868
808000.000000,0.585207,0.282914
809000.000000,0.612750,0.360963
810000.000000,0.677928,0.309636
811000.000000,0.567311,0.278992
812000.000000,0.572957,0.313023
813000.000000,0.609354,0.448288
814000.000000,0.710514,0.332480
815000.000000,0.595610,0.303654
816000.000000,0.597795,0.301308
817000.000000,0.614492,0.301269
818000.000000,0.583712,0.306167
819000.000000,0.608057,0.307628
820000.000000,0.555048,0.415641
821000.000000,0.725411,0.376567
822000.000000,0.666384,0.446315
823000.000000,0.830720,0.344668
824000.000000,0.655575,0.336247
825000.000000,0.644039,0.327869
826000.000000,0.641231,0.359509
827000.000000,0.670246,0.331716
828000.000000,0.543576,0.297111
829000.000000,0.594990,0.298668
830000.000000,0.595002,0.316245
831000.000000,0.610995,0.325270
832000.000000,0.598863,0.309663
833000.000000,0.604469,0.305998
834000.000000,0.572906,0.319165
835000.000000,0.597480,0.282739
836000.000000,0.640148,0.310122
837000.000000,0.602910,0.303724
838000.000000,0.579306,0.293617
839000.000000,0.619256,0.325640
840000.000000,0.580800,0.316109
841000.000000,0.562930,0.292951
842000.000000,0.576391,0.286067
843000.000000,0.597861,0.310305
844000.000000,0.588655,0.293291
845000.000000,0.593324,0.308554
846000.000000,0.615085,0.324309
847000.000000,0.585332,0.301325
848000.000000,0.599554,0.311792
849000.000000,0.606862,0.281107
850000.000000,0.611496,0.317917
851000.000000,0.596031,0.304874
852000.000000,0.600032,0.320060
853000.000000,0.644263,0.308535
854000.000000,0.577555,0.335019
855000.000000,0.666142,0.314562
856000.000000,0.582637,0.344215
857000.000000,0.595281,0.298572
858000.000000,0.635361,0.302862
859000.000000,0.627393,0.297834
860000.000000,0.695364,0.308894
861000.000000,0.610617,0.329582
862000.000000,0.646899,0.329489
863000.000000,0.630263,0.325897
864000.000000,0.612107,0.359312
865000.000000,0.643426,0.314463
866000.000000,0.647765,0.319916
867000.000000,0.601872,0.311203
868000.000000,0.579899,0.343414
869000.000000,0.596734,0.313935
870000.000000,0.577976,0.318527
871000.000000,0.620788,0.332509
872000.000000,0.684000,0.329950
873000.000000,0.626616,0.332881
874000.000000,0.617831,0.315408
875000.000000,0.607631,0.345856
876000.000000,0.695412,0.367364
877000.000000,0.693004,0.349801
878000.000000,0.610197,0.353160
879000.000000,0.679617,0.352584
880000.000000,0.686706,0.368034
881000.000000,0.703718,0.359022
882000.000000,0.715148,0.340967
883000.000000,0.615340,0.355882
884000.000000,0.975557,0.319071
885000.000000,0.655708,0.361293
886000.000000,0.680049,0.379024
887000.000000,0.681198,0.327868
888000.000000,0.733221,0.380440
889000.000000,0.736574,0.367206
890000.000000,0.699210,0.375460
891000.000000,0.745049,0.367145
892000.000000,0.620559,0.355800
893000.000000,0.722289,0.363266
894000.000000,0.721711,0.363236
895000.000000,0.731867,0.347975
896000.000000,0.677453,0.366092
897000.000000,0.616860,0.370039
898000.000000,0.678567,0.363000
899000.000000,0.711064,0.359871
900000.000000,0.667902,0.320361
901000.000000,0.660623,0.377070
902000.000000,0.683178,0.361277
903000.000000,0.727019,0.351508
904000.000000,0.724632,0.365698
905000.000000,0.712655,0.363439
906000.000000,0.657276,0.362619
907000.000000,0.684413,0.341455
908000.000000,0.742647,0.378287
909000.000000,0.771799,0.380748
910000.000000,0.753011,0.373192
911000.000000,0.663810,0.357918
912000.000000,0.686692,0.351422
913000.000000,0.751099,0.500934
914000.000000,0.684417,0.331519
915000.000000,0.636372,0.310772
916000.000000,0.730413,0.344011
917000.000000,0.684926,0.356715
918000.000000,0.694811,0.350162
919000.000000,0.734545,0.378978
920000.000000,0.675167,0.331313
921000.000000,0.685593,0.371861
922000.000000,0.676430,0.350463
923000.000000,0.680049,0.316701
924000.000000,0.647116,0.315803
925000.000000,0.651846,0.352333
926000.000000,0.709830,0.339064
927000.000000,0.657173,0.378960
928000.000000,0.651184,0.319373
929000.000000,0.660903,0.340947
930000.000000,0.674956,0.399802
931000.000000,0.644227,0.320134
932000.000000,0.697839,0.334919
933000.000000,0.657849,0.397217
934000.000000,0.668277,0.348654
935000.000000,0.666927,0.382509
936000.000000,0.803411,0.343190
937000.000000,0.769230,0.375766
938000.000000,0.777250,0.396019
939000.000000,0.653037,0.352917
940000.000000,0.760817,0.401125
941000.000000,0.722194,0.388312
942000.000000,0.767228,0.420413
943000.000000,0.734736,0.344788
944000.000000,0.674547,0.394368
945000.000000,0.762284,0.360015
946000.000000,0.773050,0.367416
947000.000000,0.774789,0.394713
948000.000000,0.669824,0.351721
949000.000000,0.783985,0.400429
950000.000000,0.750697,0.375964
951000.000000,0.784853,0.361372
952000.000000,0.742193,0.365166
953000.000000,0.668498,0.387834
954000.000000,0.678508,0.338541
955000.000000,0.688977,0.369949
956000.000000,0.735025,0.402089
957000.000000,0.701997,0.388014
958000.000000,0.713212,0.448780
959000.000000,0.715058,0.382829
960000.000000,0.682487,0.390595
961000.000000,0.679909,0.386409
962000.000000,0.672706,0.342736
963000.000000,0.768652,0.387905
964000.000000,0.760230,0.348016
965000.000000,0.744734,0.400327
966000.000000,0.728913,0.346837
967000.000000,0.814382,0.332579
968000.000000,0.864254,0.439856
969000.000000,0.830363,0.335236
970000.000000,0.793196,0.340517
971000.000000,0.750183,0.346982
972000.000000,0.885311,0.420612
973000.000000,0.720476,0.442774
974000.000000,0.793860,0.385206
975000.000000,0.753645,0.345846
976000.000000,0.825923,0.397641
977000.000000,0.725867,0.401820
978000.000000,0.755948,0.429694
979000.000000,0.727400,0.386789
980000.000000,0.812690,0.414001
981000.000000,0.772711,0.395110
982000.000000,0.957493,0.434514
983000.000000,0.689283,0.377216
984000.000000,0.792528,0.422946
985000.000000,0.790310,0.425131
986000.000000,0.815278,0.416270
987000.000000,0.737241,0.368846
988000.000000,0.831480,0.389798
989000.000000,0.853513,0.433815
990000.000000,0.834435,0.423850
991000.000000,0.806882,0.385676
992000.000000,0.695859,0.220658
993000.000000,0.455935,0.230997
994000.000000,0.423697,0.209610
995000.000000,0.422529,0.230872
996000.000000,0.432207,0.223825
997000.000000,0.447544,0.234011
998000.000000,0.461507,0.244955
999000.000000,0.470379,0.238128
1000000.000000,0.476568,0.239635
1001000.000000,0.466867,0.240623
1002000.000000,0.450256,0.228008
1003000.000000,0.456654,0.223698
1004000.000000,0.448109,0.225262
1005000.000000,0.420440,0.213873
1006000.000000,0.408828,0.206837
1007000.000000,0.399299,0.204788
1008000.000000,0.391506,0.203624
1009000.000000,0.393713,0.210059
1010000.000000,0.395079,0.202463
1011000.000000,0.409127,0.203947
1012000.000000,0.397070,0.203564
1013000.000000,0.394859,0.206483
1014000.000000,0.405535,0.204072
1015000.000000,0.397149,0.207705
1016000.000000,0.408174,0.218262
1017000.000000,0.403387,0.214077
1018000.000000,0.399677,0.209981
1019000.000000,0.399481,0.212207
1020000.000000,0.407077,0.204673
1021000.000000,0.413690,0.207393
1022000.000000,0.405114,0.212455
1023000.000000,0.403525,0.210540
1024000.000000,0.442474,0.268630
1025000.000000,0.451646,0.216911
1026000.000000,0.433635,0.213349
1027000.000000,0.408026,0.212972
1028000.000000,0.430434,0.213548
1029000.000000,0.421799,0.206595
1030000.000000,0.418238,0.213729
1031000.000000,0.403695,0.220033
1032000.000000,0.473584,0.220865
1033000.000000,0.424542,0.213180
1034000.000000,0.442738,0.222750
1035000.000000,0.414228,0.212635
1036000.000000,0.409246,0.229094
1037000.000000,0.409877,0.215224
1038000.000000,0.416575,0.217737
1039000.000000,0.420496,0.283650
1040000.000000,0.533369,0.220084
1041000.000000,0.420760,0.220675
1042000.000000,0.424370,0.218303
1043000.000000,0.425024,0.212564
1044000.000000,0.411745,0.227174
1045000.000000,0.413488,0.214270
1046000.000000,0.416088,0.218841
1047000.000000,0.422336,0.214233
1048000.000000,0.421227,0.231672
1049000.000000,0.415836,0.227206
1050000.000000,0.493610,0.355559
1051000.000000,0.459440,0.252708
1052000.000000,0.434112,0.222398
1053000.000000,0.498565,0.218682
1054000.000000,0.473864,0.234602
1055000.000000,0.590741,0.247990
1056000.000000,0.453185,0.240115
1057000.000000,0.469681,0.227092
1058000.000000,0.432533,0.218323
1059000.000000,0.498101,0.248808
1060000.000000,0.465008,0.249019
1061000.000000,0.458786,0.259603
1062000.000000,0.482322,0.224604
1063000.000000,0.473084,0.376462
1064000.000000,0.487599,0.316706
1065000.000000,0.428315,0.224146
1066000.000000,0.429381,0.223166
1067000.000000,0.444242,0.230549
1068000.000000,0.435329,0.222072
1069000.000000,0.428150,0.293472
1070000.000000,0.443180,0.222493
1071000.000000,0.432173,0.284195
1072000.000000,0.468252,0.227022
1073000.000000,0.483237,0.242802
1074000.000000,0.464192,0.357726
1075000.000000,0.485093,0.305479
1076000.000000,0.430334,0.240951
1077000.000000,0.563854,0.317884
1078000.000000,0.573622,0.230803
1079000.000000,0.486518,0.245255
1080000.000000,0.444840,0.350352
1081000.000000,0.470689,0.228901
1082000.000000,0.441436,0.239127
1083000.000000,0.511441,0.273158
1084000.000000,0.596498,0.307685
1085000.000000,0.497685,0.324449
1086000.000000,0.547846,0.340340
1087000.000000,0.467691,0.260753
1088000.000000,0.462110,0.227332
1089000.000000,0.465937,0.234415
1090000.000000,0.435949,0.269753
1091000.000000,0.459828,0.239665
1092000.000000,0.447640,0.233404
1093000.000000,0.451730,0.231614
1094000.000000,0.438698,0.226269
1095000.000000,0.437541,0.229498
1096000.000000,0.441030,0.229183
1097000.000000,0.463465,0.230247
1098000.000000,0.443536,0.228993
1099000.000000,0.449431,0.231813
1100000.000000,0.441102,0.231345
1101000.000000,0.448463,0.231308
1102000.000000,0.438733,0.234507
1103000.000000,0.449132,0.231838
1104000.000000,0.446954,0.244382
1105000.000000,0.441966,0.232594
1106000.000000,0.449168,0.231663
1107000.000000,0.451328,0.235740
1108000.000000,0.451970,0.235252
1109000.000000,0.447301,0.231932
1110000.000000,0.443679,0.232759
1111000.000000,0.448129,0.231524
1112000.000000,0.445068,0.239949
1113000.000000,0.466605,0.235979
1114000.000000,0.458387,0.251176
1115000.000000,0.455067,0.238288
1116000.000000,0.455625,0.236203
1117000.000000,0.451508,0.239275
1118000.000000,0.449888,0.235313
1119000.000000,0.455364,0.236343
1120000.000000,0.454024,0.237296
1121000.000000,0.453537,0.236281
1122000.000000,0.453551,0.238919
1123000.000000,0.506721,0.246910
1124000.000000,0.456621,0.249009
1125000.000000,0.452166,0.239335
1126000.000000,0.457058,0.242982
1127000.000000,0.457879,0.236434
1128000.000000,0.458634,0.237954
1129000.000000,0.459242,0.241876
1130000.000000,0.485283,0.242660
1131000.000000,0.457488,0.252687
1132000.000000,0.457918,0.242661
1133000.000000,0.465745,0.244711
1134000.000000,0.456939,0.243010
1135000.000000,0.481044,0.242556
1136000.000000,0.455577,0.241901
1137000.000000,0.459907,0.244165
1138000.000000,0.461612,0.242867
1139000.000000,0.460190,0.240581
1140000.000000,0.482478,0.242536
1141000.000000,0.463425,0.245219
1142000.000000,0.472688,0.245150
1143000.000000,0.468455,0.249723
1144000.000000,0.470427,0.243968
1145000.000000,0.465616,0.245399
1146000.000000,0.473423,0.242793
1147000.000000,0.464790,0.245277
1148000.000000,0.480496,0.266811
1149000.000000,0.468556,0.246093
1150000.000000,0.472738,0.249475
1151000.000000,0.468705,0.245942
1152000.000000,0.473133,0.247995
1153000.000000,0.476988,0.247991
1154000.000000,0.477038,0.249550
1155000.000000,0.479696,0.248458
1156000.000000,0.473223,0.251896
1157000.000000,0.498398,0.250406
1158000.000000,0.479990,0.247704
1159000.000000,0.485882,0.269375
1160000.000000,0.502896,0.322315
1161000.000000,0.482475,0.253406
1162000.000000,0.478734,0.253283
1163000.000000,0.478970,0.252409
1164000.000000,0.483934,0.267150
1165000.000000,0.481397,0.255228
1166000.000000,0.477782,0.250976
1167000.000000,0.479813,0.251882
1168000.000000,0.485961,0.258145
1169000.000000,0.516900,0.255781
1170000.000000,0.505726,0.281102
1171000.000000,0.485961,0.258439
1172000.000000,0.480963,0.267868
1173000.000000,0.488143,0.270857
1174000.000000,0.483121,0.253429
1175000.000000,0.493058,0.255378
1176000.000000,0.486231,0.262010
1177000.000000,0.477762,0.254203
1178000.000000,0.485325,0.256067
1179000.000000,0.492540,0.258903
1180000.000000,0.494179,0.269359
1181000.000000,0.488442,0.259546
1182000.000000,0.487140,0.257942
1183000.000000,0.482255,0.255918
1184000.000000,0.486045,0.265944
1185000.000000,0.483961,0.259535
1186000.000000,0.491594,0.261242
1187000.000000,0.494380,0.257508
1188000.000000,0.489549,0.267164
1189000.000000,0.490055,0.260638
1190000.000000,0.484658,0.259571
1191000.000000,0.494676,0.260107
1192000.000000,0.491526,0.270224
1193000.000000,0.488365,0.260175
1194000.000000,0.491799,0.325208
1195000.000000,0.496453,0.261517
1196000.000000,0.496793,0.270501
1197000.000000,0.496923,0.267388
1198000.000000,0.492344,0.269273
1199000.000000,0.502680,0.261861
1200000.000000,0.501619,0.264941
1201000.000000,0.499796,0.262989
1202000.000000,0.501627,0.265748
1203000.000000,0.495433,0.263193
1204000.000000,0.586017,0.376320
1205000.000000,0.518653,0.267755
1206000.000000,0.499775,0.274243
1207000.000000,0.501797,0.265115
1208000.000000,0.499914,0.266554
1209000.000000,0.500948,0.265415
1210000.000000,0.524680,0.280852
1211000.000000,0.504927,0.281915
1212000.000000,0.504673,0.268603
1213000.000000,0.506665,0.269126
1214000.000000,0.501802,0.267526
1215000.000000,0.498874,0.268441
1216000.000000,0.502657,0.270527
1217000.000000,0.555616,0.524558
1218000.000000,0.663676,0.273042
1219000.000000,0.515996,0.269638
1220000.000000,0.512975,0.273573
1221000.000000,0.513998,0.267936
1222000.000000,0.505907,0.268978
1223000.000000,0.527269,0.276555
1224000.000000,0.504024,0.268861
1225000.000000,0.521211,0.274873
1226000.000000,0.522595,0.271543
1227000.000000,0.515699,0.275300
1228000.000000,0.570605,0.276511
1229000.000000,0.561258,0.273427
1230000.000000,0.516074,0.271382
1231000.000000,0.514724,0.271495
1232000.000000,0.545800,0.275056
1233000.000000,0.525796,0.274823
1234000.000000,0.515784,0.274080
1235000.000000,0.520918,0.276277
1236000.000000,0.515372,0.277603
1237000.000000,0.561596,0.275249
1238000.000000,0.546935,0.329128
1239000.000000,0.526604,0.276028
1240000.000000,0.518430,0.292371
1241000.000000,0.518741,0.294805
1242000.000000,0.521465,0.278365
1243000.000000,0.519160,0.283339
1244000.000000,0.534262,0.288239
1245000.000000,0.518840,0.278269
1246000.000000,0.526986,0.279088
1247000.000000,0.519749,0.277032
1248000.000000,0.542076,0.278258
1249000.000000,0.529558,0.278023
1250000.000000,0.532440,0.280444
1251000.000000,0.529369,0.280041
1252000.000000,0.523642,0.281859
1253000.000000,0.533694,0.281875
1254000.000000,0.526006,0.280539
1255000.000000,0.544921,0.307458
1256000.000000,0.533886,0.281360
1257000.000000,0.530358,0.280179
1258000.000000,0.547518,0.285353
1259000.000000,0.528578,0.280118
1260000.000000,0.555864,0.286052
1261000.000000,0.535198,0.283965
1262000.000000,0.531914,0.292069
1263000.000000,0.530739,0.289571
1264000.000000,0.631214,0.329966
1265000.000000,0.555905,0.287608
1266000.000000,0.686103,0.321818
1267000.000000,0.562860,0.458106
1268000.000000,0.761550,0.366362
1269000.000000,0.575218,0.303171
1270000.000000,0.548706,0.295487
1271000.000000,0.538815,0.413248
1272000.000000,0.561526,0.335510
1273000.000000,0.558352,0.294791
1274000.000000,0.539975,0.288866
1275000.000000,0.547227,0.455061
1276000.000000,0.594354,0.298743
1277000.000000,0.559993,0.295271
1278000.000000,0.547162,0.368504
1279000.000000,0.710425,0.322766
1280000.000000,0.573120,0.307094
1281000.000000,0.598832,0.327022
1282000.000000,0.551709,0.305040
1283000.000000,0.601397,0.300136
1284000.000000,0.582737,0.310720
1285000.000000,0.578935,0.360372
1286000.000000,0.630762,0.350699
1287000.000000,0.642369,0.406352
1288000.000000,0.692039,0.299226
1289000.000000,0.585773,0.299017
1290000.000000,0.579131,0.326213
1291000.000000,0.622873,0.328742
1292000.000000,0.555473,0.300552
1293000.000000,0.560878,0.384281
1294000.000000,0.593713,0.317854
1295000.000000,0.613978,0.355240
1296000.000000,0.590944,0.414236
1297000.000000,0.659441,0.334994
1298000.000000,0.624806,0.391060
1299000.000000,0.621131,0.359948
1300000.000000,0.633645,0.382586
1301000.000000,0.641285,0.317588
1302000.000000,0.632979,0.387143
1303000.000000,0.747869,0.575312
1304000.000000,0.809327,0.373835
1305000.000000,0.582373,0.310866
1306000.000000,0.629144,0.336100
1307000.000000,0.783430,0.362195
1308000.000000,0.773902,0.670163
1309000.000000,0.737954,0.370487
1310000.000000,0.770401,0.393559
1311000.000000,0.732214,0.354442
1312000.000000,0.582878,0.320814
1313000.000000,0.579186,0.318530
1314000.000000,0.613922,0.433453
1315000.000000,0.608559,0.323198
1316000.000000,0.600836,0.335342
1317000.000000,0.593834,0.384301
1318000.000000,0.593854,0.329490
1319000.000000,0.587707,0.316586
1320000.000000,0.604700,0.361434
1321000.000000,0.714393,0.323113
1322000.000000,0.653999,0.363815
1323000.000000,0.597018,0.341716
1324000.000000,0.591638,0.323165
1325000.000000,0.633349,0.322075
1326000.000000,0.588893,0.363378
1327000.000000,0.672710,0.435173
1328000.000000,0.671428,0.318340
1329000.000000,0.580224,0.344192
1330000.000000,0.598340,0.363994
1331000.000000,0.583696,0.342548
1332000.000000,0.609642,0.312945
1333000.000000,0.581464,0.317565
1334000.000000,0.599706,0.315717
1335000.000000,0.621973,0.317269
1336000.000000,0.594095,0.312956
1337000.000000,0.582034,0.318619
1338000.000000,0.581635,0.318970
1339000.000000,0.578981,0.315941
1340000.000000,0.600550,0.315301
1341000.000000,0.582512,0.314682
1342000.000000,0.596713,0.319311
1343000.000000,0.599439,0.314518
1344000.000000,0.587763,0.313335
1345000.000000,0.588388,0.317481
1346000.000000,0.586937,0.321342
1347000.000000,0.584598,0.317164
1348000.000000,0.598403,0.325537
1349000.000000,0.583970,0.314571
1350000.000000,0.592970,0.321860
1351000.000000,0.583075,0.326160
1352000.000000,0.610214,0.337109
1353000.000000,0.591262,0.322705
1354000.000000,0.595153,0.320355
1355000.000000,0.598298,0.320781
1356000.000000,0.596757,0.322225
1357000.000000,0.601080,0.323872
1358000.000000,0.610099,0.325680
1359000.000000,0.613732,0.320885
1360000.000000,0.605511,0.319584
1361000.000000,0.601358,0.339931
1362000.000000,0.599359,0.328289
1363000.000000,0.598753,0.321158
1364000.000000,0.599392,0.324431
1365000.000000,0.592797,0.326878
1366000.000000,0.657524,0.326402
1367000.000000,0.597827,0.327065
1368000.000000,0.608768,0.322815
1369000.000000,0.742725,0.424769
1370000.000000,0.764803,0.423982
1371000.000000,0.685489,0.331125
1372000.000000,0.602261,0.324158
1373000.000000,0.616458,0.328290
1374000.000000,0.602321,0.328056
1375000.000000,0.598418,0.335093
1376000.000000,0.611032,0.328263
1377000.000000,0.600019,0.341835
1378000.000000,0.602967,0.329948
1379000.000000,0.604946,0.332419
1380000.000000,0.620398,0.327185
1381000.000000,0.606161,0.324397
1382000.000000,0.610512,0.341906
1383000.000000,0.616321,0.330973
1384000.000000,0.610818,0.336451
1385000.000000,0.610674,0.327728
1386000.000000,0.631235,0.333020
1387000.000000,0.613346,0.335599
1388000.000000,0.613888,0.337404
1389000.000000,0.612926,0.331682
1390000.000000,0.620160,0.333000
1391000.000000,0.622947,0.328911
1392000.000000,0.613995,0.339793
1393000.000000,0.613808,0.339112
1394000.000000,0.609510,0.330162
1395000.000000,0.615231,0.333860
1396000.000000,0.615698,0.343440
1397000.000000,0.615066,0.338351
1398000.000000,0.619287,0.404188
1399000.000000,0.624233,0.341943
1400000.000000,0.615628,0.339418
1401000.000000,0.617499,0.338704
1402000.000000,0.624137,0.335509
1403000.000000,0.615912,0.332814
1404000.000000,0.620205,0.334998
1405000.000000,0.627588,0.335540
1406000.000000,0.623276,0.335300
1407000.000000,0.636659,0.339118
1408000.000000,0.624170,0.341868
1409000.000000,0.620643,0.341115
1410000.000000,0.623439,0.335864
1411000.000000,0.633209,0.340093
1412000.000000,0.627139,0.359386
1413000.000000,0.627409,0.341399
1414000.000000,0.625347,0.340177
1415000.000000,0.626385,0.343440
1416000.000000,0.631806,0.354510
1417000.000000,0.645146,0.350925
1418000.000000,0.624799,0.346993
1419000.000000,0.625778,0.343433
1420000.000000,0.628406,0.346909
1421000.000000,0.632016,0.345098
1422000.000000,0.632095,0.340332
1423000.000000,0.656663,0.361776
1424000.000000,0.633054,0.340569
1425000.000000,0.633171,0.341652
1426000.000000,0.643192,0.344195
1427000.000000,0.630471,0.356398
1428000.000000,0.630851,0.346053
1429000.000000,0.626219,0.359717
1430000.000000,0.632225,0.346598
1431000.000000,0.647544,0.359471
1432000.000000,0.647713,0.378277
1433000.000000,0.639978,0.348714
1434000.000000,0.626546,0.372298
1435000.000000,0.630879,0.357291
1436000.000000,0.640238,0.383904
1437000.000000,0.632010,0.350523
1438000.000000,0.643367,0.348942
1439000.000000,0.642773,0.360954
1440000.000000,0.639177,0.369768
1441000.000000,0.696103,0.414788
1442000.000000,0.727454,0.381162
1443000.000000,0.645299,0.353830
1444000.000000,0.643601,0.353309
1445000.000000,0.658655,0.361255
1446000.000000,0.645472,0.358033
1447000.000000,0.656114,0.353854
1448000.000000,0.647569,0.428169
1449000.000000,0.720849,0.400710
1450000.000000,0.785474,0.406021
1451000.000000,0.722024,0.383073
1452000.000000,0.718135,0.486439
1453000.000000,0.765010,0.356619
1454000.000000,0.658546,0.411207
1455000.000000,0.652207,0.358917
1456000.000000,0.665183,0.352333
1457000.000000,0.662197,0.358815
1458000.000000,0.930991,0.369087
1459000.000000,0.802536,0.398581
1460000.000000,0.694097,0.379409
1461000.000000,0.718613,0.410857
1462000.000000,0.806620,0.624117
1463000.000000,0.728439,0.376004
1464000.000000,0.678915,0.426472
1465000.000000,0.817985,0.434992
1466000.000000,0.708328,0.415215
1467000.000000,0.668682,0.395271
1468000.000000,0.839208,0.366691
1469000.000000,0.658794,0.382611
1470000.000000,0.673940,0.381342
1471000.000000,0.703645,0.419657
1472000.000000,1.044338,0.510632
1473000.000000,0.763757,0.410019
1474000.000000,0.699473,0.425783
1475000.000000,0.737380,0.375964
1476000.000000,0.680454,0.383547
1477000.000000,0.679752,0.396040
1478000.000000,0.704488,0.378374
1479000.000000,0.684295,0.379971
1480000.000000,0.682631,0.377840
1481000.000000,0.716197,0.393176
1482000.000000,0.730179,0.383553
1483000.000000,0.757088,0.391833
1484000.000000,0.709627,0.377195
1485000.000000,0.712096,0.419819
1486000.000000,0.715375,0.404844
1487000.000000,0.746609,0.404640
1488000.000000,0.725607,0.409397
1489000.000000,0.701258,0.385142
1490000.000000,0.690312,0.381165
1491000.000000,0.685831,0.386125
1492000.000000,0.683172,0.402063
1493000.000000,0.711521,0.388159
1494000.000000,0.716728,0.394018
1495000.000000,0.734121,0.414444
1496000.000000,0.703692,0.377508
1497000.000000,0.696198,0.405975
1498000.000000,0.699275,0.387688
1499000.000000,0.692805,0.394493
1500000.000000,0.700214,0.380238
1501000.000000,0.705561,0.373052
1502000.000000,0.767431,0.415704
1503000.000000,0.723000,0.381997
1504000.000000,0.678065,0.381033
1505000.000000,0.708390,0.379213
1506000.000000,0.847337,0.408090
1507000.000000,0.740044,0.383277
1508000.000000,0.682809,0.378403
1509000.000000,0.725844,0.426588
1510000.000000,0.830208,0.403905
1511000.000000,0.718469,0.381315
1512000.000000,0.716962,0.410889
1513000.000000,0.703706,0.383431
1514000.000000,0.738369,0.384077
1515000.000000,0.752586,0.434462
1516000.000000,0.707679,0.385388
1517000.000000,0.747555,0.527874
1518000.000000,0.879234,0.546910
1519000.000000,0.744599,0.408483
1520000.000000,0.768396,0.392361
1521000.000000,0.732733,0.392921
1522000.000000,0.731549,0.439412
1523000.000000,0.718303,0.397183
1524000.000000,0.738845,0.641189
1525000.000000,1.115634,0.660733
1526000.000000,0.860107,0.400404
1527000.000000,0.759754,0.394958
1528000.000000,0.877872,0.543425
1529000.000000,0.757135,0.446644
1530000.000000,0.745010,0.401875
1531000.000000,0.831250,0.393347
1532000.000000,0.707302,0.404767
1533000.000000,0.700109,0.391258
1534000.000000,0.698179,0.410295
1535000.000000,0.716682,0.391219
1536000.000000,0.703770,0.400304
1537000.000000,0.737213,0.416677
1538000.000000,0.710688,0.391397
1539000.000000,0.702599,0.413252
1540000.000000,0.793316,0.432142
1541000.000000,0.793015,0.442660
1542000.000000,0.738998,0.429925
1543000.000000,0.739540,0.446876
1544000.000000,0.795973,0.428943
1545000.000000,0.731074,0.400544
1546000.000000,0.721180,0.406034
1547000.000000,0.716405,0.404866
1548000.000000,0.735334,0.410029
1549000.000000,0.728783,0.407431
1550000.000000,0.856678,0.432867
1551000.000000,0.740472,0.406013
1552000.000000,0.756947,0.457144
1553000.000000,0.808152,0.458433
1554000.000000,0.830258,0.426505
1555000.000000,0.776933,0.425462
1556000.000000,0.770544,0.542870
1557000.000000,0.766932,0.412667
1558000.000000,0.726592,0.500342
1559000.000000,0.738253,0.477650
1560000.000000,0.763004,0.413505
1561000.000000,0.782543,0.462330
1562000.000000,0.734186,0.423740
1563000.000000,0.723694,0.405544
1564000.000000,0.741933,0.432462
1565000.000000,0.751637,0.460196
1566000.000000,0.762654,0.417637
1567000.000000,0.727253,0.422493
1568000.000000,0.739984,0.425498
1569000.000000,0.733099,0.430314
1570000.000000,0.735935,0.426946
1571000.000000,0.745750,0.416899
1572000.000000,0.726158,0.420861
1573000.000000,0.733761,0.403575
1574000.000000,0.724700,0.408506
1575000.000000,0.727315,0.410650
1576000.000000,0.723305,0.406981
1577000.000000,0.745109,0.415678
1578000.000000,0.736414,0.406971
1579000.000000,0.748968,0.411136
1580000.000000,0.738036,0.447736
1581000.000000,0.751433,0.411688
1582000.000000,0.744260,0.406941
1583000.000000,0.736849,0.420922
1584000.000000,0.889554,0.538702
1585000.000000,0.805427,0.435639
1586000.000000,0.756810,0.419487
1587000.000000,0.752742,0.439498
1588000.000000,0.737951,0.507504
1589000.000000,0.817878,0.418148
1590000.000000,0.803747,0.449821
1591000.000000,0.742263,0.420308
1592000.000000,0.743395,0.421243
1593000.000000,0.759581,0.416799
1594000.000000,0.740773,0.415799
1595000.000000,0.762509,0.411219
1596000.000000,0.744485,0.414536
1597000.000000,0.737494,0.414813
1598000.000000,0.752253,0.416756
1599000.000000,0.743474,0.419004
1600000.000000,0.751628,0.414758
1601000.000000,0.746376,0.416725
1602000.000000,0.738281,0.419099
1603000.000000,0.739177,0.416826
1604000.000000,0.773322,0.511083
1605000.000000,0.809781,0.439405
1606000.000000,0.941742,0.475473
1607000.000000,0.808919,0.437140
1608000.000000,0.838384,0.720070
1609000.000000,1.061788,0.531561
1610000.000000,0.814204,0.458186
1611000.000000,0.863252,0.420846
1612000.000000,0.799544,0.504290
1613000.000000,0.872449,0.443834
1614000.000000,0.776417,0.426513
1615000.000000,0.769700,0.461069
1616000.000000,0.786990,0.524175
1617000.000000,0.787565,0.429054
1618000.000000,0.751427,0.431383
1619000.000000,0.807965,0.499102
1620000.000000,0.773640,0.429473
1621000.000000,0.822546,0.507067
1622000.000000,0.901806,0.516277
1623000.000000,0.810076,0.503986
1624000.000000,0.843040,0.488969
1625000.000000,0.804685,0.450643
1626000.000000,0.759956,0.440963
1627000.000000,0.830423,0.507883
1628000.000000,0.935860,0.516407
1629000.000000,0.776165,0.443876
1630000.000000,0.768209,0.429912
1631000.000000,0.788696,0.554974
1632000.000000,0.802893,0.432829
1633000.000000,0.761849,0.432221
1634000.000000,0.779947,0.443074
1635000.000000,0.769999,0.427670
1636000.000000,0.767229,0.428186
1637000.000000,0.771058,0.428687
1638000.000000,0.798490,0.429764
1639000.000000,0.766267,0.431128
1640000.000000,0.757590,0.433198
1641000.000000,0.767158,0.425006
1642000.000000,0.779113,0.430550
1643000.000000,0.779501,0.444539
1644000.000000,0.882578,0.438956
1645000.000000,1.637818,1.006522
1646000.000000,1.688935,0.864704
1647000.000000,0.793766,0.431107
1648000.000000,0.771447,0.436516
1649000.000000,0.767751,0.442731
1650000.000000,0.794605,0.432390
1651000.000000,0.769185,0.425541
1652000.000000,0.765681,0.435302
1653000.000000,0.765626,0.432575
1654000.000000,0.759046,0.513632
1655000.000000,0.788450,0.437921
1656000.000000,0.770997,0.433981
1657000.000000,0.764584,0.435700
1658000.000000,0.767171,0.439155
1659000.000000,0.779091,0.434293
1660000.000000,0.774684,0.432340
1661000.000000,0.769669,0.434293
1662000.000000,0.768061,0.441093
1663000.000000,0.775201,0.438302
1664000.000000,0.785048,0.438592
1665000.000000,0.769624,0.438653
1666000.000000,0.777071,0.433361
1667000.000000,0.773727,0.452756
1668000.000000,0.932488,0.487984
1669000.000000,0.789873,0.444872
1670000.000000,0.783976,0.449749
1671000.000000,0.791274,0.442421
1672000.000000,0.774797,0.437179
1673000.000000,0.777856,0.442603
1674000.000000,0.777752,0.443342
1675000.000000,0.785030,0.441623
1676000.000000,0.772345,0.444553
1677000.000000,0.798323,0.445966
1678000.000000,0.783104,0.444077
1679000.000000,0.795828,0.447758
1680000.000000,0.785324,0.454050
1681000.000000,0.797220,0.441431
1682000.000000,0.784653,0.446051
1683000.000000,0.940338,0.460463
1684000.000000,0.786855,0.440722
1685000.000000,0.789781,0.444762
1686000.000000,0.785133,0.443539
1687000.000000,0.793471,0.442221
1688000.000000,0.821014,0.446400
1689000.000000,0.797104,0.443339
1690000.000000,0.789034,0.460720
1691000.000000,0.793921,0.462076
1692000.000000,0.799140,0.458094
1693000.000000,0.802986,0.453944
1694000.000000,0.788177,0.454684
1695000.000000,0.792917,0.464698
1696000.000000,0.789306,0.452856
1697000.000000,0.796791,0.446375
1698000.000000,0.814180,0.466634
1699000.000000,0.793442,0.453947
1700000.000000,0.798413,0.453482
1701000.000000,0.792204,0.454060
1702000.000000,0.795918,0.517736
1703000.000000,0.803396,0.588614
1704000.000000,0.846270,0.500839
1705000.000000,0.830886,0.539193
1706000.000000,0.918659,0.493485
1707000.000000,0.865747,0.488905
1708000.000000,0.834225,0.474284
1709000.000000,0.826603,0.467793
1710000.000000,0.813563,0.464705
1711000.000000,0.797350,0.472058
1712000.000000,0.845053,0.492770
1713000.000000,0.800761,0.458642
1714000.000000,0.803331,0.460361
1715000.000000,0.810346,0.526547
1716000.000000,1.085963,0.525101
1717000.000000,0.849964,0.480146
1718000.000000,0.859759,0.480643
1719000.000000,0.834602,0.467463
1720000.000000,0.980730,0.495595
1721000.000000,0.835511,0.511709
1722000.000000,0.816431,0.487638
1723000.000000,0.837526,0.579929
1724000.000000,0.900668,0.540891
1725000.000000,0.937934,0.475412
1726000.000000,0.842502,0.480383
1727000.000000,0.811338,0.463002
1728000.000000,0.819609,0.466693
1729000.000000,0.818943,0.458428
1730000.000000,0.869980,0.473254
1731000.000000,0.932281,0.561050
1732000.000000,0.888366,0.468182
1733000.000000,0.934973,0.502925
1734000.000000,0.923411,0.473606
1735000.000000,0.891671,0.475016
1736000.000000,0.821659,0.499018
1737000.000000,1.056173,0.494421
1738000.000000,0.845472,0.490777
1739000.000000,1.020777,0.535525
1740000.000000,1.003718,0.482788
1741000.000000,0.945176,0.542210
1742000.000000,0.922006,0.564108
1743000.000000,0.849791,0.480796
1744000.000000,0.880585,0.482156
1745000.000000,0.860748,0.484405
1746000.000000,0.957927,0.497096
1747000.000000,0.943348,0.515871
1748000.000000,0.845815,0.527531
1749000.000000,0.845662,0.488801
1750000.000000,0.850820,0.476317
1751000.000000,0.830564,0.473346
1752000.000000,0.826008,0.474162
1753000.000000,0.829076,0.469085
1754000.000000,0.828614,0.483086
1755000.000000,0.835610,0.475356
1756000.000000,0.831313,0.478937
1757000.000000,0.831560,0.486735
1758000.000000,0.828020,0.481374
1759000.000000,0.841221,0.481119
1760000.000000,0.829419,0.478883
1761000.000000,0.833342,0.480835
1762000.000000,0.831069,0.473538
1763000.000000,0.835037,0.482761
1764000.000000,0.826499,0.479661
1765000.000000,0.837393,0.483669
1766000.000000,0.828430,0.473260
1767000.000000,0.838719,0.477800
1768000.000000,0.832305,0.498165
1769000.000000,0.839174,0.486050
1770000.000000,1.004330,0.618787
1771000.000000,1.096331,0.513530
1772000.000000,0.878233,0.488316
1773000.000000,0.856990,0.489828
1774000.000000,0.848008,0.489633
1775000.000000,0.843142,0.480949
1776000.000000,0.848524,0.485079
1777000.000000,0.869490,0.491635
1778000.000000,0.842229,0.490658
1779000.000000,0.856328,0.503373
1780000.000000,0.849590,0.489100
1781000.000000,0.855462,0.526513
1782000.000000,0.880331,0.501985
1783000.000000,0.841419,0.506295
1784000.000000,0.879624,0.544519
1785000.000000,0.845133,0.503818
1786000.000000,0.850179,0.488412
1787000.000000,0.889256,0.574161
1788000.000000,0.860301,0.513489
1789000.000000,0.845562,0.489664
1790000.000000,0.953993,0.494602
1791000.000000,0.852290,0.592362
1792000.000000,0.885590,0.501733
1793000.000000,0.866216,0.494229
1794000.000000,0.883444,0.497400
1795000.000000,0.853319,0.487008
1796000.000000,0.855554,0.496324
1797000.000000,0.858918,0.497937
1798000.000000,0.853854,0.498881
1799000.000000,0.856901,0.499867
1800000.000000,0.867130,0.637445
1801000.000000,0.904297,0.537081
1802000.000000,0.939156,0.527832
1803000.000000,0.887585,0.503649
1804000.000000,0.875969,0.523100
1805000.000000,0.938926,0.568666
1806000.000000,0.892039,0.547260
1807000.000000,1.016755,0.563439
1808000.000000,0.873609,0.674943
1809000.000000,1.053111,0.560868
1810000.000000,1.066923,0.566212
1811000.000000,0.987627,0.519514
1812000.000000,0.884699,0.523313
1813000.000000,0.990955,0.534324
1814000.000000,0.873023,0.542626
1815000.000000,0.902888,0.646472
1816000.000000,0.887554,0.503436
1817000.000000,0.889742,0.756389
1818000.000000,0.933441,0.645278
1819000.000000,0.982168,0.562755
1820000.000000,0.988644,0.537450
1821000.000000,0.921369,0.510677
1822000.000000,1.019483,0.584996
1823000.000000,1.024342,0.588825
1824000.000000,0.948813,0.518262
1825000.000000,0.887032,0.519952
1826000.000000,0.896731,0.511863
1827000.000000,0.882807,0.511961
1828000.000000,0.873635,0.508745
1829000.000000,0.893437,0.509712
1830000.000000,0.948357,0.519239
1831000.000000,0.883624,0.506775
1832000.000000,0.883898,0.504339
1833000.000000,0.881632,0.515193
1834000.000000,0.885532,0.528483
1835000.000000,0.881830,0.506284
1836000.000000,0.880602,0.514176
1837000.000000,0.889942,0.509461
1838000.000000,0.884770,0.503635
1839000.000000,1.013737,0.553136
1840000.000000,0.890146,0.516257
1841000.000000,0.906165,0.514651
1842000.000000,0.878529,0.514679
1843000.000000,0.894322,0.518947
1844000.000000,0.879679,0.512349
1845000.000000,0.885650,0.511359
1846000.000000,0.886391,0.514127
1847000.000000,0.892196,0.510664
1848000.000000,0.888685,0.514223
1849000.000000,0.880798,0.517668
1850000.000000,0.894296,0.517157
1851000.000000,0.895385,0.527137
1852000.000000,0.879335,0.514039
1853000.000000,0.892387,0.519139
1854000.000000,0.902178,0.592939
1855000.000000,0.926930,0.599351
1856000.000000,1.067330,0.539190
1857000.000000,0.932538,0.626563
1858000.000000,0.971286,0.708872
1859000.000000,1.121003,0.533086
1860000.000000,0.936715,0.566524
1861000.000000,1.073044,0.571750
1862000.000000,0.927686,0.532057
1863000.000000,1.065983,0.636173
1864000.000000,0.927147,0.537038
1865000.000000,0.908684,0.524401
1866000.000000,0.904385,0.526273
1867000.000000,0.964745,0.532838
1868000.000000,0.948143,0.531850
1869000.000000,0.913516,0.526521
1870000.000000,0.946636,0.545307
1871000.000000,0.985806,0.531113
1872000.000000,0.925861,0.557648
1873000.000000,0.905116,0.534645
1874000.000000,0.894371,0.533843
1875000.000000,0.905781,0.527583
1876000.000000,0.901231,0.526144
1877000.000000,0.913534,0.529723
1878000.000000,0.901956,0.527606
1879000.000000,0.908124,0.530666
1880000.000000,0.908117,0.533356
1881000.000000,0.909706,0.525071
1882000.000000,0.934978,0.547825
1883000.000000,0.934094,0.545378
1884000.000000,0.917399,0.529208
1885000.000000,0.911853,0.529172
1886000.000000,0.915973,0.531766
1887000.000000,0.911283,0.547423
1888000.000000,0.968491,0.568909
1889000.000000,1.005377,0.666575
1890000.000000,1.076303,0.588150
1891000.000000,0.989270,0.603700
1892000.000000,0.938279,0.546385
1893000.000000,0.928690,0.545334
1894000.000000,0.928067,0.537457
1895000.000000,0.924413,0.529845
1896000.000000,0.929710,0.544257
1897000.000000,1.055044,0.549032
1898000.000000,0.933448,0.555297
1899000.000000,0.948293,0.543695
1900000.000000,0.928263,0.535917
1901000.000000,0.959037,0.552973
1902000.000000,0.935307,0.538846
1903000.000000,0.932068,0.549208
1904000.000000,0.922553,0.543666
1905000.000000,0.926955,0.542670
1906000.000000,0.949550,0.543305
1907000.000000,0.936387,0.539906
1908000.000000,0.927639,0.542876
1909000.000000,0.927671,0.541537
1910000.000000,0.926816,0.545230
1911000.000000,1.194001,0.722654
1912000.000000,1.363857,0.578863
1913000.000000,1.089232,0.634721
1914000.000000,0.997646,0.609940
1915000.000000,0.980447,0.599420
1916000.000000,0.979693,0.742351
1917000.000000,1.099276,0.616541
1918000.000000,0.987324,0.589608
1919000.000000,1.054111,0.567361
1920000.000000,0.990013,0.584113
1921000.000000,1.021760,0.600979
1922000.000000,1.053799,0.633382
1923000.000000,1.023475,0.709531
1924000.000000,1.081801,0.554447
1925000.000000,1.141582,0.602248
1926000.000000,1.037205,0.622772
1927000.000000,1.003386,0.600167
1928000.000000,1.101021,0.618049
1929000.000000,0.997516,0.623309
1930000.000000,1.058263,0.570210
1931000.000000,0.953801,0.578428
1932000.000000,0.991267,0.579828
1933000.000000,1.105593,0.680544
1934000.000000,0.988197,0.581030
1935000.000000,1.031140,0.612569
1936000.000000,1.041120,0.633553
1937000.000000,1.090730,0.703180
1938000.000000,1.141851,0.681703
1939000.000000,0.971036,0.563198
1940000.000000,0.964328,0.597120
1941000.000000,0.969519,0.563258
1942000.000000,0.952072,0.559604
1943000.000000,0.952860,0.557537
1944000.000000,0.946743,0.556667
1945000.000000,0.951474,0.553907
1946000.000000,0.955525,0.551829
1947000.000000,1.021653,0.558632
1948000.000000,0.949159,0.565044
1949000.000000,1.052336,0.567821
1950000.000000,0.949986,0.560634
1951000.000000,0.963813,0.575139
1952000.000000,0.955397,0.563625
1953000.000000,0.948062,0.561057
1954000.000000,0.961926,0.558469
1955000.000000,0.969191,0.560266
1956000.000000,0.957278,0.560961
1957000.000000,0.980017,0.560384
1958000.000000,0.971940,0.574559
1959000.000000,0.951295,0.562251
1960000.000000,0.958160,0.562089
1961000.000000,0.964126,0.562838
1962000.000000,0.960717,0.566372
1963000.000000,0.995145,0.565639
1964000.000000,0.965201,0.599024
1965000.000000,0.977562,0.564142
1966000.000000,0.968533,0.574317
1967000.000000,0.959441,0.567377
1968000.000000,0.970761,0.590858
1969000.000000,0.960238,0.581095
1970000.000000,0.979355,0.578748
1971000.000000,0.970497,0.562233
1972000.000000,0.969064,0.559792
1973000.000000,0.988866,0.582248
1974000.000000,0.973160,0.568364
1975000.000000,0.970652,0.560580
1976000.000000,1.023377,0.572718
1977000.000000,1.121764,0.578819
1978000.000000,0.985976,0.572136
1979000.000000,0.985118,0.569068
1980000.000000,0.973032,0.566922
1981000.000000,0.976629,0.565248
1982000.000000,0.987223,0.571419
1983000.000000,0.972991,0.573433
1984000.000000,0.972990,0.573418
1985000.000000,0.972424,0.646057
1986000.000000,0.999476,0.577777
1987000.000000,1.005501,0.568952
1988000.000000,0.979374,0.574981
1989000.000000,0.981763,0.587212
1990000.000000,0.973818,0.574580
1991000.000000,0.994654,0.582338
1992000.000000,0.979276,0.575552
1993000.000000,0.992555,0.604742
1994000.000000,0.978466,0.569930
1995000.000000,0.975742,0.571792
1996000.000000,0.981132,0.579225
1997000.000000,1.002798,0.577363
1998000.000000,0.976092,0.579192
1999000.000000,0.986441,0.571591
2000000.000000,0.990992,0.572659
2001000.000000,0.983848,0.587557
2002000.000000,0.986124,0.583220
2003000.000000,0.992064,0.579182
2004000.000000,0.980136,0.582050
2005000.000000,0.981087,0.832853
2006000.000000,0.988884,0.604785
2007000.000000,0.975897,0.580907
2008000.000000,0.986396,0.593966
2009000.000000,0.998734,0.590339
2010000.000000,0.992101,0.586495
2011000.000000,0.988458,0.593982
2012000.000000,1.010501,0.583378
2013000.000000,0.984266,0.583730
2014000.000000,0.986768,0.594123
2015000.000000,1.006247,0.584676
2016000.000000,1.008482,0.582301
2017000.000000,0.989338,0.595892
2018000.000000,1.005857,0.608432
2019000.000000,0.995849,0.592457
2020000.000000,1.002651,0.583205
2021000.000000,0.999032,0.587382
2022000.000000,1.030666,0.592263
2023000.000000,0.999852,0.688387
2024000.000000,0.996716,0.597731
2025000.000000,1.200610,0.673217
2026000.000000,1.011740,0.593011
2027000.000000,1.024209,0.605126
2028000.000000,1.008755,0.587689
2029000.000000,1.007312,0.590476
2030000.000000,1.007105,0.605689
2031000.000000,1.010526,0.596517
2032000.000000,1.009057,0.597548
2033000.000000,0.994748,0.603112
2034000.000000,0.995320,0.603928
2035000.000000,1.000084,0.602023
2036000.000000,1.007395,0.586244
2037000.000000,1.012003,0.602402
2038000.000000,1.042188,0.594638
2039000.000000,1.003129,0.592018
2040000.000000,1.009791,0.594804
2041000.000000,1.017906,0.601966
2042000.000000,1.019140,0.594582
2043000.000000,1.009824,0.613243
2044000.000000,1.008608,0.592980
2045000.000000,1.024829,0.609327
2046000.000000,1.008502,0.602481
2047000.000000,1.014930,0.603041
2048000.000000,1.012048,0.617198
2049000.000000,1.032981,0.646918
2050000.000000,1.008959,0.598237
2051000.000000,1.008668,0.597930
2052000.000000,1.030698,0.596683
2053000.000000,1.020933,0.599730
2054000.000000,1.017657,0.607599
2055000.000000,1.035974,0.597264
2056000.000000,1.017016,0.609153
2057000.000000,1.016824,0.599793
2058000.000000,1.022167,0.600455
2059000.000000,1.017996,0.621237
2060000.000000,1.068575,0.604495
2061000.000000,1.033170,0.600889
2062000.000000,1.021047,0.604038
2063000.000000,1.013409,0.610643
2064000.000000,1.040563,0.610753
2065000.000000,1.029327,0.599975
2066000.000000,1.025588,0.622119
2067000.000000,1.030428,0.622962
2068000.000000,1.014690,0.602209
2069000.000000,1.031623,0.621532
2070000.000000,1.026279,0.609287
2071000.000000,1.032730,0.621226
2072000.000000,1.023880,0.624867
2073000.000000,1.018808,0.607616
2074000.000000,1.028529,0.604740
2075000.000000,1.045505,0.620090
2076000.000000,1.032979,0.610370
2077000.000000,1.047499,0.622318
2078000.000000,1.030943,0.625105
2079000.000000,1.023175,0.612248
2080000.000000,1.043932,0.652859
2081000.000000,1.172106,0.764900
2082000.000000,1.080476,0.630680
2083000.000000,1.326176,0.686807
2084000.000000,1.161879,0.653437
2085000.000000,1.154455,0.666564
2086000.000000,1.208570,0.764143
2087000.000000,1.308616,0.696945
2088000.000000,1.170088,0.662442
2089000.000000,1.086314,0.628176
2090000.000000,1.057357,0.733390
2091000.000000,1.148646,0.860413
2092000.000000,1.060930,0.626596
2093000.000000,1.064668,0.713080
2094000.000000,1.140624,0.701670
2095000.000000,1.249054,0.653954
2096000.000000,1.057479,0.634773
2097000.000000,1.221253,0.676996
2098000.000000,1.161739,0.765122
2099000.000000,1.052808,0.629272
2100000.000000,1.093825,0.645236
2101000.000000,1.083616,0.652183
2102000.000000,1.058262,0.720424
2103000.000000,1.122744,0.634153
2104000.000000,1.056852,0.664881
2105000.000000,1.064835,0.629309
2106000.000000,1.068909,0.635953
2107000.000000,1.062391,0.638040
2108000.000000,1.061889,0.630386
2109000.000000,1.067320,0.638826
2110000.000000,1.053222,0.634993
2111000.000000,1.049090,0.650652
2112000.000000,1.078278,0.635126
2113000.000000,1.066144,0.642940
2114000.000000,1.063127,0.639171
2115000.000000,1.072550,0.635228
2116000.000000,1.063744,0.645731
2117000.000000,1.169003,0.646137
2118000.000000,1.068455,0.662005
2119000.000000,1.069985,0.636530
2120000.000000,1.058365,0.638660
2121000.000000,1.054123,0.630145
2122000.000000,1.075006,0.658106
2123000.000000,1.061914,0.637377
2124000.000000,1.064832,0.634624
2125000.000000,1.068940,0.655220
2126000.000000,1.063371,0.646419
2127000.000000,1.069541,0.661487
2128000.000000,1.085471,0.637733
2129000.000000,1.109084,0.638137
2130000.000000,1.068137,0.630519
2131000.000000,1.061306,0.635134
2132000.000000,1.058650,0.646243
2133000.000000,1.073966,0.641099
2134000.000000,1.069781,0.637332
2135000.000000,1.053569,0.709723
2136000.000000,1.155075,0.689868
2137000.000000,1.227451,0.664898
2138000.000000,1.175237,0.646605
2139000.000000,1.233455,0.654421
2140000.000000,1.161318,0.852107
2141000.000000,1.142715,0.719970
2142000.000000,1.128287,0.713666
2143000.000000,1.231704,0.773870
2144000.000000,1.179917,0.650684
2145000.000000,1.078215,0.691525
2146000.000000,1.190536,0.662405
2147000.000000,1.219639,0.753374
2148000.000000,1.249828,0.757812
2149000.000000,1.206804,0.653023
2150000.000000,1.100886,0.650433
2151000.000000,1.094932,0.651786
2152000.000000,1.226792,0.777948
2153000.000000,1.328524,0.664924
2154000.000000,1.180826,0.719983
2155000.000000,1.130591,0.657831
2156000.000000,1.087171,0.672386
2157000.000000,1.124032,0.762143
2158000.000000,1.241378,0.671716
2159000.000000,1.089550,0.657560
2160000.000000,1.090902,0.656675
2161000.000000,1.095791,0.757540
2162000.000000,1.101518,0.736613
2163000.000000,1.223177,0.718548
2164000.000000,1.205046,0.717506
2165000.000000,1.255189,0.657866
2166000.000000,1.091568,0.660570
2167000.000000,1.096451,0.655291
2168000.000000,1.096762,0.663115
2169000.000000,1.098608,0.651975
2170000.000000,1.079773,0.658861
2171000.000000,1.103408,0.676118
2172000.000000,1.087079,0.653726
2173000.000000,1.099630,0.676632
2174000.000000,1.282457,0.674841
2175000.000000,1.107003,0.662210
2176000.000000,1.098050,0.699456
2177000.000000,1.098636,0.661931
2178000.000000,1.123609,0.768356
2179000.000000,1.207527,0.677623
2180000.000000,1.098759,0.667470
2181000.000000,1.109426,0.668775
2182000.000000,1.117558,0.661196
2183000.000000,1.100822,0.659741
2184000.000000,1.097873,0.673840
2185000.000000,1.168605,0.669845
2186000.000000,1.110379,0.658141
2187000.000000,1.124949,0.666025
2188000.000000,1.122471,0.681956
2189000.000000,1.108970,0.668874
2190000.000000,1.120125,0.676412
2191000.000000,1.133217,0.670880
2192000.000000,1.107842,0.698567
2193000.000000,1.130369,0.669627
2194000.000000,1.116120,0.833210
2195000.000000,1.354833,0.872037
2196000.000000,1.194593,0.834868
2197000.000000,1.422930,0.685426
2198000.000000,1.300296,0.826310
2199000.000000,1.139768,0.767689
2200000.000000,1.157789,0.745400
2201000.000000,1.165762,0.789212
2202000.000000,1.174388,0.696467
2203000.000000,1.141898,0.678250
2204000.000000,1.127070,0.675147
2205000.000000,1.136329,0.674234
2206000.000000,1.116049,0.698792
2207000.000000,1.125971,0.687797
2208000.000000,1.118961,0.666576
2209000.000000,1.121237,0.671147
2210000.000000,1.138307,0.680172
2211000.000000,1.118622,0.676056
2212000.000000,1.134185,0.679321
2213000.000000,1.126319,0.671001
2214000.000000,1.128120,0.677872
2215000.000000,1.121151,0.684006
2216000.000000,1.276695,0.739900
2217000.000000,1.344532,0.780743
2218000.000000,1.168680,0.691451
2219000.000000,1.133823,0.703846
2220000.000000,1.140899,0.680872
2221000.000000,1.150866,0.686445
2222000.000000,1.211786,0.694414
2223000.000000,1.126317,0.682541
2224000.000000,1.136683,0.693994
2225000.000000,1.139045,0.686835
2226000.000000,1.193267,0.684387
2227000.000000,1.137704,0.682091
2228000.000000,1.119279,0.683338
2229000.000000,1.134991,0.687271
2230000.000000,1.143880,0.691602
2231000.000000,1.125587,0.677507
2232000.000000,1.135712,0.696220
2233000.000000,1.129633,0.684543
2234000.000000,1.125280,0.690226
2235000.000000,1.133820,0.688845
2236000.000000,1.142671,0.686014
2237000.000000,1.144553,0.690144
2238000.000000,1.130124,0.680034
2239000.000000,1.150034,0.685516
2240000.000000,1.161485,0.690032
2241000.000000,1.131742,0.687414
2242000.000000,1.140595,0.688303
2243000.000000,1.143486,0.688795
2244000.000000,1.142725,0.692202
2245000.000000,1.144648,0.699636
2246000.000000,1.147955,0.691579
2247000.000000,1.148341,0.702816
2248000.000000,1.132313,0.692692
2249000.000000,1.191433,0.689361
2250000.000000,1.155462,0.693104
2251000.000000,1.152139,0.697270
2252000.000000,1.148176,0.694882
2253000.000000,1.151516,0.705434
2254000.000000,1.167683,0.703370
2255000.000000,1.149319,0.694742
2256000.000000,1.152257,0.698047
2257000.000000,1.142082,0.695426
2258000.000000,1.134195,0.881256
2259000.000000,1.192027,0.852851
2260000.000000,1.257758,0.723418
2261000.000000,1.183445,0.726530
2262000.000000,1.214444,0.754151
2263000.000000,1.354894,0.705833
2264000.000000,1.274889,0.779169
2265000.000000,1.248349,0.808910
2266000.000000,1.259588,0.796163
2267000.000000,1.337054,0.821287
2268000.000000,1.407197,0.808325
2269000.000000,1.320020,0.803362
2270000.000000,1.376430,0.810589
2271000.000000,1.329692,0.892154
2272000.000000,1.370064,0.737067
2273000.000000,1.227357,0.714902
2274000.000000,1.177805,0.707882
2275000.000000,1.157573,0.706591
2276000.000000,1.179849,0.707976
2277000.000000,1.170338,0.732522
2278000.000000,1.247744,0.735769
2279000.000000,1.210432,0.710111
2280000.000000,1.272288,0.729041
2281000.000000,1.337533,0.847649
2282000.000000,1.332457,0.757809
2283000.000000,1.301497,0.819102
2284000.000000,1.263839,0.776045
2285000.000000,1.241486,0.790905
2286000.000000,1.343008,0.855641
2287000.000000,1.386027,0.935539
2288000.000000,1.435595,0.760235
2289000.000000,1.328266,0.726971
2290000.000000,1.185470,0.726889
2291000.000000,1.177624,0.726177
2292000.000000,1.173560,0.713787
2293000.000000,1.188872,0.717256
2294000.000000,1.204530,0.716338
2295000.000000,1.166192,0.714426
2296000.000000,1.176003,0.725553
2297000.000000,1.179190,0.717678
2298000.000000,1.171710,0.707664
2299000.000000,1.179358,0.728111
2300000.000000,1.186142,0.720118
2301000.000000,1.176405,0.729401
2302000.000000,1.170485,0.724473
2303000.000000,1.187116,0.722460
2304000.000000,1.197112,0.749765
2305000.000000,1.174829,0.721487
2306000.000000,1.194085,0.734948
2307000.000000,1.188489,0.722786
2308000.000000,1.181053,0.730232
2309000.000000,1.194968,0.726235
2310000.000000,1.285717,0.799614
2311000.000000,1.206759,0.723137
2312000.000000,1.180910,0.718419
2313000.000000,1.182076,0.761036
2314000.000000,1.231247,0.734586
2315000.000000,1.183353,0.725265
2316000.000000,1.186700,0.729815
2317000.000000,1.212485,0.727339
2318000.000000,1.259725,0.724558
2319000.000000,1.187819,0.721082
2320000.000000,1.197119,0.723004
2321000.000000,1.209330,0.728635
2322000.000000,1.191210,0.723048
2323000.000000,1.201421,0.723102
2324000.000000,1.201388,0.726236
2325000.000000,1.183997,0.729519
2326000.000000,1.206303,0.734909
2327000.000000,1.186872,0.734748
2328000.000000,1.201128,0.730342
2329000.000000,1.190345,0.735050
2330000.000000,1.185803,0.749431
2331000.000000,1.192383,0.728531
2332000.000000,1.208200,0.729547
2333000.000000,1.195622,0.738352
2334000.000000,1.185898,0.745877
2335000.000000,1.264682,0.747530
2336000.000000,1.297867,0.817690
2337000.000000,1.218128,0.930208
2338000.000000,1.326050,0.875726
2339000.000000,1.329019,0.848178
2340000.000000,1.372920,0.867465
2341000.000000,1.356222,0.738524
2342000.000000,1.223618,0.741254
2343000.000000,1.218532,0.738520
2344000.000000,1.391029,0.902438
2345000.000000,1.533349,0.965745
2346000.000000,1.498124,0.824776
2347000.000000,1.390796,0.934896
2348000.000000,1.357422,0.986322
2349000.000000,1.530921,0.911841
2350000.000000,1.330461,0.801686
2351000.000000,1.283119,0.783205
2352000.000000,1.300881,0.788126
2353000.000000,1.353672,0.816688
2354000.000000,1.292186,0.902357
2355000.000000,1.429242,0.949775
2356000.000000,1.503572,0.937215
2357000.000000,1.404214,0.850659
2358000.000000,1.490027,0.941066
2359000.000000,1.463985,0.922729
2360000.000000,1.432144,0.880393
2361000.000000,1.375988,0.923898
2362000.000000,1.307705,0.797290
2363000.000000,1.283843,0.785568
2364000.000000,1.356465,0.947677
2365000.000000,1.409033,0.894472
2366000.000000,1.520559,1.045667
2367000.000000,1.827935,1.180598
2368000.000000,1.534919,0.856679
2369000.000000,1.328223,0.835915
2370000.000000,1.351967,0.809176
2371000.000000,1.402592,0.827213
2372000.000000,1.393032,0.810587
2373000.000000,1.467906,0.940409
2374000.000000,1.500429,0.954861
2375000.000000,1.403108,0.913880
2376000.000000,1.462752,0.871209
2377000.000000,1.378383,0.818254
2378000.000000,1.428048,0.998877
2379000.000000,1.418579,0.878316
2380000.000000,1.473046,0.867438
2381000.000000,1.254210,0.806411
2382000.000000,1.270571,0.776432
2383000.000000,1.235002,0.771814
2384000.000000,1.231993,0.768470
2385000.000000,1.338278,0.828916
2386000.000000,1.324799,0.779247
2387000.000000,1.293311,0.813361
2388000.000000,1.410648,0.846516
2389000.000000,1.268370,0.770356
2390000.000000,1.257141,0.769028
2391000.000000,1.244502,0.762599
2392000.000000,1.261362,0.768859
2393000.000000,1.244985,0.786415
2394000.000000,1.258843,0.768746
2395000.000000,1.256777,0.759702
2396000.000000,1.258294,0.771172
2397000.000000,1.271372,0.782551
2398000.000000,1.265061,0.773075
2399000.000000,1.252637,0.761102
2400000.000000,1.261835,0.768360
2401000.000000,1.336994,0.781550
2402000.000000,1.251408,0.768152
2403000.000000,1.260907,0.773145
2404000.000000,1.250855,0.772740
2405000.000000,1.240450,0.766690
2406000.000000,1.261637,0.776833
2407000.000000,1.250513,0.769105
2408000.000000,1.246963,0.778413
2409000.000000,1.268018,0.782689
2410000.000000,1.253572,0.771167
2411000.000000,1.256703,0.768922
2412000.000000,1.258150,0.766350
2413000.000000,1.273037,0.768266
2414000.000000,1.258015,0.780746
2415000.000000,1.497319,0.903631
2416000.000000,1.299690,0.775289
2417000.000000,1.296406,0.788840
2418000.000000,1.268329,0.855132
2419000.000000,1.300577,0.768079
2420000.000000,1.289068,0.776011
2421000.000000,1.289007,0.773132
2422000.000000,1.307702,0.782036
2423000.000000,1.353419,0.869470
2424000.000000,1.412411,0.947279
2425000.000000,1.366329,0.812338
2426000.000000,1.414606,0.831825
2427000.000000,1.377018,0.791099
2428000.000000,1.361690,0.783873
2429000.000000,1.290864,0.891893
2430000.000000,1.302095,0.787399
2431000.000000,1.328755,0.870240
2432000.000000,1.616474,0.880521
2433000.000000,1.513762,0.798679
2434000.000000,1.294066,0.806500
2435000.000000,1.279200,0.805548
2436000.000000,1.279030,0.787022
2437000.000000,1.275744,0.802492
2438000.000000,1.267386,0.785116
2439000.000000,1.290407,0.787911
2440000.000000,1.286751,0.792527
2441000.000000,1.347181,0.912747
2442000.000000,1.474779,0.866567
2443000.000000,1.398606,0.809360
2444000.000000,1.325931,0.810169
2445000.000000,1.445350,0.859624
2446000.000000,1.400443,0.875128
2447000.000000,1.403227,0.891606
2448000.000000,1.356362,0.857352
2449000.000000,1.370574,0.903943
2450000.000000,1.442025,0.967280
2451000.000000,1.337123,0.818779
2452000.000000,1.300721,0.810195
2453000.000000,1.342328,0.840858
2454000.000000,1.297916,0.806627
2455000.000000,1.491374,0.802945
2456000.000000,1.277552,1.011436
2457000.000000,1.292179,0.983499
2458000.000000,1.384683,0.801094
2459000.000000,1.386042,0.836594
2460000.000000,1.348906,1.174772
2461000.000000,1.451017,0.839100
2462000.000000,1.303241,0.927769
2463000.000000,1.550139,0.827823
2464000.000000,1.476631,0.854601
2465000.000000,1.310025,0.828691
2466000.000000,1.283051,0.795756
2467000.000000,1.377224,0.805667
2468000.000000,1.289062,0.804952
2469000.000000,1.446328,0.828463
2470000.000000,1.353648,0.981185
2471000.000000,1.308734,0.805610
2472000.000000,1.384976,0.805168
2473000.000000,1.343390,0.826849
2474000.000000,1.309371,0.814886
2475000.000000,1.301966,0.809472
2476000.000000,1.311823,0.802658
2477000.000000,1.313531,0.803572
2478000.000000,1.327484,0.807672
2479000.000000,1.309926,0.799295
2480000.000000,1.314906,0.820843
2481000.000000,1.306150,0.800504
2482000.000000,1.300165,0.806790
2483000.000000,1.298435,0.873547
2484000.000000,1.300657,0.814966
2485000.000000,1.300883,0.798517
2486000.000000,1.310736,0.813694
2487000.000000,1.312166,0.800440
2488000.000000,1.300664,0.824331
2489000.000000,1.308782,0.808395
2490000.000000,1.296656,0.808627
2491000.000000,1.324592,0.798869
2492000.000000,1.312680,0.807715
2493000.000000,1.306611,0.814219
2494000.000000,1.322617,0.801973
2495000.000000,1.304994,0.812961
2496000.000000,1.300590,0.812795
2497000.000000,1.300697,0.818970
2498000.000000,1.317295,0.822208
2499000.000000,1.310516,0.803609
2499999.000000,1.300193,0.821714
